16,4,Local 16 de Empresa 4 SAC,Lima,Lima,Distrito 16,-12.116, -77.116
17,5,Local 17 de Empresa 5 SAC,Lima,Lima,Distrito 17,-12.117, -77.117
18,5,Local 18 de Empresa 5 SAC,Lima,Lima,Distrito 18,-12.118, -77.118
19,5,Local 19 de Empresa 5 SAC,Lima,Lima,Distrito 19,-12.119, -77.119
20,5,Local 20 de Empresa 5 SAC,Lima,Lima,Distrito 20,-12.120, -77.120
21,5,Local 21 de Empresa 5 SAC,Lima,Lima,Distrito 21,-12.121, -77.121
22,6,Local 22 de Empresa 6 SAC,Lima,Lima,Distrito 22,-12.122, -77.122
23,6,Local 23 de Empresa 6 SAC,Lima,Lima,Distrito 23,-12.123, -77.123
24,6,Local 24 de Empresa 6 SAC,Lima,Lima,Distrito 24,-12.124, -77.124
8,3,Local 8 de Empresa 3 SAC,Lima,Lima,Distrito 8,-12.108, -77.108
9,3,Local 9 de Empresa 3 SAC,Lima,Lima,Distrito 9,-12.109, -77.109
10,3,Local 10 de Empresa 3 SAC,Lima,Lima,Distrito 10,-12.110, -77.110
11,3,Local 11 de Empresa 3 SAC,Lima,Lima,Distrito 11,-12.111, -77.111
12,4,Local 12 de Empresa 4 SAC,Lima,Lima,Distrito 12,-12.112, -77.112
13,4,Local 13 de Empresa 4 SAC,Lima,Lima,Distrito 13,-12.113, -77.113
14,4,Local 14 de Empresa 4 SAC,Lima,Lima,Distrito 14,-12.114, -77.114
15,4,Local 15 de Empresa 4 SAC,Lima,Lima,Distrito 15,-12.115, -77.115
28,7,Local 28 de Empresa 7 SAC,Lima,Lima,Distrito 28,-12.128, -77.128
29,7,Local 29 de Empresa 7 SAC,Lima,Lima,Distrito 29,-12.129, -77.129
30,7,Local 30 de Empresa 7 SAC,Lima,Lima,Distrito 30,-12.130, -77.130
31,8,Local 31 de Empresa 8 SAC,Lima,Lima,Distrito 31,-12.131, -77.131
32,8,Local 32 de Empresa 8 SAC,Lima,Lima,Distrito 32,-12.132, -77.132
33,8,Local 33 de Empresa 8 SAC,Lima,Lima,Distrito 33,-12.133, -77.133
34,8,Local 34 de Empresa 8 SAC,Lima,Lima,Distrito 34,-12.134, -77.134
35,9,Local 35 de Empresa 9 SAC,Lima,Lima,Distrito 35,-12.135, -77.135
36,9,Local 36 de Empresa 9 SAC,Lima,Lima,Distrito 36,-12.136, -77.136
37,9,Local 37 de Empresa 9 SAC,Lima,Lima,Distrito 37,-12.137, -77.137
38,9,Local 38 de Empresa 9 SAC,Lima,Lima,Distrito 38,-12.138, -77.138
39,9,Local 39 de Empresa 9 SAC,Lima,Lima,Distrito 39,-12.139, -77.139
40,10,Local 40 de Empresa 10 SAC,Lima,Lima,Distrito 40,-12.140, -77.140
41,10,Local 41 de Empresa 10 SAC,Lima,Lima,Distrito 41,-12.141, -77.141
42,10,Local 42 de Empresa 10 SAC,Lima,Lima,Distrito 42,-12.142, -77.142
43,10,Local 43 de Empresa 10 SAC,Lima,Lima,Distrito 43,-12.143, -77.143
25,6,Local 25 de Empresa 6 SAC,Lima,Lima,Distrito 25,-12.125, -77.125
26,6,Local 26 de Empresa 6 SAC,Lima,Lima,Distrito 26,-12.126, -77.126
27,7,Local 27 de Empresa 7 SAC,Lima,Lima,Distrito 27,-12.127, -77.127
1,1,Local 1 de Empresa 1 SAC,Lima,Lima,Distrito 1,-12.101, -77.101
2,1,Local 2 de Empresa 1 SAC,Lima,Lima,Distrito 2,-12.102, -77.102
3,1,Local 3 de Empresa 1 SAC,Lima,Lima,Distrito 3,-12.103, -77.103
4,2,Local 4 de Empresa 2 SAC,Lima,Lima,Distrito 4,-12.104, -77.104
5,2,Local 5 de Empresa 2 SAC,Lima,Lima,Distrito 5,-12.105, -77.105
6,2,Local 6 de Empresa 2 SAC,Lima,Lima,Distrito 6,-12.106, -77.106
7,3,Local 7 de Empresa 3 SAC,Lima,Lima,Distrito 7,-12.107, -77.107